id,header_image,header_caption,entry,emergency_id
1,3a434d9c29820b52.png,Some volunteers doing IM,"Lorem ipsum dolor sit amet, consectetur adipiscing elit. Vivamus a sodales nibh, sed lobortis justo. Integer feugiat est ac nulla blandit, eu commodo mauris molestie. Morbi et est eu ante ultrices posuere in eu erat. Integer porttitor cursus tortor ut accumsan. Praesent in tellus eu sem ornare sagittis sed vitae ante. Fusce posuere, ligula ut euismod elementum, neque leo scelerisque lorem, bibendum sollicitudin sapien diam vel mauris. Maecenas in tempor ipsum, eu varius leo. Aliquam tristique enim faucibus nibh condimentum, dictum imperdiet ipsum vulputate. Sed justo lectus, gravida quis lorem eu, malesuada vehicula mi. Duis sit amet enim ac ex tempus vehicula et non leo. In varius ornare tortor, eget pellentesque tortor elementum id. Praesent condimentum iaculis magna, sed pharetra tortor tempus at. Nam id neque libero. Quisque auctor metus porta magna luctus maximus. Donec cursus convallis tortor in egestas. Nam consequat leo eget metus suscipit lobortis.

Nulla vestibulum rhoncus neque, lacinia tempus arcu interdum et. In congue, est ac vulputate pellentesque, risus lorem ultricies ligula, sit amet dapibus lectus tortor eget urna. Pellentesque vestibulum leo arcu, eget cursus tellus facilisis in. Duis blandit neque sed elit vulputate posuere. Praesent posuere condimentum tincidunt. Etiam id nisi fermentum metus condimentum rutrum. Pellentesque in sem nibh. Cras nec lacus eu mauris gravida malesuada tristique ut nunc. Integer tristique consequat purus id sodales. Nulla ultricies porttitor volutpat. Mauris finibus tincidunt enim euismod placerat. Ut maximus in enim ut egestas. Proin aliquet ornare turpis finibus iaculis. Morbi hendrerit metus in ante convallis, a condimentum magna varius. In eget fringilla nunc.

Curabitur auctor, ipsum id consequat consequat, velit nibh pulvinar est, eget sollicitudin est est in quam. Phasellus consequat vel orci nec vestibulum. Ut finibus elementum velit eget malesuada. Sed imperdiet venenatis ante quis tincidunt. Sed id ultricies nisl. Nam consectetur gravida diam vitae finibus. Pellentesque habitant morbi tristique senectus et netus et malesuada fames ac turpis egestas. Curabitur eget sodales ante. Nulla et dolor fringilla, sagittis ex in, auctor velit. Mauris volutpat placerat congue. In tristique urna dictum rutrum faucibus. Sed hendrerit euismod velit nec venenatis. Donec vel sapien ipsum.

Cras convallis lobortis egestas. Phasellus tincidunt tellus sodales, commodo ligula sit amet, consectetur arcu. Praesent a molestie felis, quis ullamcorper est. Morbi venenatis imperdiet erat, eget fermentum quam gravida a. Quisque neque ante, laoreet vel consequat sed, tristique et lorem. Integer maximus magna libero, eu congue velit placerat ut. Phasellus hendrerit leo sed magna dictum, sit amet vehicula libero efficitur. Nullam eget finibus tellus.

Proin vel nisl a nisl dignissim blandit. Ut sed consectetur ligula. Fusce scelerisque, lectus id pulvinar cursus, turpis elit scelerisque lorem, id laoreet arcu dui nec nunc. Mauris porta lorem sit amet nunc scelerisque interdum. Vestibulum ante ipsum primis in faucibus orci luctus et ultrices posuere cubilia curae; Duis gravida tincidunt mauris, sit amet eleifend elit dictum et. In vitae leo egestas, varius libero at, molestie turpis. Aliquam erat volutpat. Morbi fringilla facilisis ante, vitae sagittis mauris rutrum malesuada. Maecenas sed egestas urna. Praesent elementum turpis nec ligula pharetra suscipit. Duis ornare ipsum nulla, id interdum magna luctus eu. Nulla nec felis ac magna tincidunt dignissim ut vitae diam.",4
2,c48108a6b6e67328.png,A firefighter walks across a burned field somewhere in Canada,"Lorem ipsum dolor sit amet, consectetur adipiscing elit. Vivamus a sodales nibh, sed lobortis justo. Integer feugiat est ac nulla blandit, eu commodo mauris molestie. Morbi et est eu ante ultrices posuere in eu erat. Integer porttitor cursus tortor ut accumsan. Praesent in tellus eu sem ornare sagittis sed vitae ante. Fusce posuere, ligula ut euismod elementum, neque leo scelerisque lorem, bibendum sollicitudin sapien diam vel mauris. Maecenas in tempor ipsum, eu varius leo. Aliquam tristique enim faucibus nibh condimentum, dictum imperdiet ipsum vulputate. Sed justo lectus, gravida quis lorem eu, malesuada vehicula mi. Duis sit amet enim ac ex tempus vehicula et non leo. In varius ornare tortor, eget pellentesque tortor elementum id. Praesent condimentum iaculis magna, sed pharetra tortor tempus at. Nam id neque libero. Quisque auctor metus porta magna luctus maximus. Donec cursus convallis tortor in egestas. Nam consequat leo eget metus suscipit lobortis.

Nulla vestibulum rhoncus neque, lacinia tempus arcu interdum et. In congue, est ac vulputate pellentesque, risus lorem ultricies ligula, sit amet dapibus lectus tortor eget urna. Pellentesque vestibulum leo arcu, eget cursus tellus facilisis in. Duis blandit neque sed elit vulputate posuere. Praesent posuere condimentum tincidunt. Etiam id nisi fermentum metus condimentum rutrum. Pellentesque in sem nibh. Cras nec lacus eu mauris gravida malesuada tristique ut nunc. Integer tristique consequat purus id sodales. Nulla ultricies porttitor volutpat. Mauris finibus tincidunt enim euismod placerat. Ut maximus in enim ut egestas. Proin aliquet ornare turpis finibus iaculis. Morbi hendrerit metus in ante convallis, a condimentum magna varius. In eget fringilla nunc.

Curabitur auctor, ipsum id consequat consequat, velit nibh pulvinar est, eget sollicitudin est est in quam. Phasellus consequat vel orci nec vestibulum. Ut finibus elementum velit eget malesuada. Sed imperdiet venenatis ante quis tincidunt. Sed id ultricies nisl. Nam consectetur gravida diam vitae finibus. Pellentesque habitant morbi tristique senectus et netus et malesuada fames ac turpis egestas. Curabitur eget sodales ante. Nulla et dolor fringilla, sagittis ex in, auctor velit. Mauris volutpat placerat congue. In tristique urna dictum rutrum faucibus. Sed hendrerit euismod velit nec venenatis. Donec vel sapien ipsum.

Cras convallis lobortis egestas. Phasellus tincidunt tellus sodales, commodo ligula sit amet, consectetur arcu. Praesent a molestie felis, quis ullamcorper est. Morbi venenatis imperdiet erat, eget fermentum quam gravida a. Quisque neque ante, laoreet vel consequat sed, tristique et lorem. Integer maximus magna libero, eu congue velit placerat ut. Phasellus hendrerit leo sed magna dictum, sit amet vehicula libero efficitur. Nullam eget finibus tellus.

Proin vel nisl a nisl dignissim blandit. Ut sed consectetur ligula. Fusce scelerisque, lectus id pulvinar cursus, turpis elit scelerisque lorem, id laoreet arcu dui nec nunc. Mauris porta lorem sit amet nunc scelerisque interdum. Vestibulum ante ipsum primis in faucibus orci luctus et ultrices posuere cubilia curae; Duis gravida tincidunt mauris, sit amet eleifend elit dictum et. In vitae leo egestas, varius libero at, molestie turpis. Aliquam erat volutpat. Morbi fringilla facilisis ante, vitae sagittis mauris rutrum malesuada. Maecenas sed egestas urna. Praesent elementum turpis nec ligula pharetra suscipit. Duis ornare ipsum nulla, id interdum magna luctus eu. Nulla nec felis ac magna tincidunt dignissim ut vitae diam.",1
3,default-banner.png,test,test,60
